{
	"description": "项目配置文件。",
	"qcloudRoot": "./server/",
	"setting": {
		"urlCheck": false,
		"es6": true,
		"postcss": true,
		"minified": true,
		"newFeature": true
	},
	"compileType": "miniprogram",
	"libVersion": "1.9.1",
	"appid": "wx9d12fe23eb053c4f",
	"projectname": "%E6%9D%A5%E5%AE%A2%E7%94%B5%E5%95%86%E5%BC%80%E6%BA%90%E7%89%88%E5%B0%8F%E7%A8%8B%E5%BA%8F",
	"isGameTourist": false,
	"condition": {
		"search": {
			"current": -1,
			"list": []
		},
		"conversation": {
			"current": -1,
			"list": []
		},
		"game": {
			"currentL": -1,
			"list": []
		},
		"miniprogram": {
			"current": -1,
			"list": []
		}
	}
}